{"cameraMode":{"drawMode":0,"name":"Shaded","section":"Shading Mode"},"sceneLighting":true,"audioPlay":false,"sceneViewState":{"m_AlwaysRefresh":false,"showFog":true,"showSkybox":true,"showFlares":true,"showImageEffects":true,"showParticleSystems":true,"showVisualEffectGraphs":true,"m_FxEnabled":true},"in2DMode":false,"pivot":{"x":0.7091047167778015,"y":-2.4445295333862306,"z":17.54799461364746},"rotation":{"x":-0.1955239623785019,"y":-0.012653150595724583,"z":0.002523372182622552,"w":-0.9806095361709595},"size":14.860950469970704,"orthographic":false}